estatura_m,nacimiento,edad
1.77,01/07/1988,38
1.71,24/07/2003,23
1.5,24/12/1998,27
1.59,25/04/1994,32
1.7,31/08/1993,33
1.68,04/10/2002,24
1.77,02/01/1977,49
1.62,04/03/1970,56
1.75,31/07/1987,39
1.7,13/09/1987,39
1.52,06/11/1989,36
1.78,26/09/1996,30
1.53,15/10/1998,27
1.77,20/02/1986,40
1.79,03/03/1980,46
1.67,30/04/1993,33
1.8,17/05/1984,42
1.75,10/10/1988,37
1.7,07/02/1977,49
1.65,22/10/1987,38
1.84,14/06/1981,45
1.65,11/06/1974,52
1.73,24/08/1993,33
1.6,30/05/1982,44
1.72,22/09/1998,28
1.76,03/02/1993,33
1.5,23/03/1991,35
1.71,19/02/1987,39
1.67,24/11/2004,21
1.65,08/03/1986,40
1.62,21/12/1999,26
1.8,25/10/1994,31
1.69,30/10/1969,56
1.79,06/03/1993,33
1.87,30/04/1978,48
1.7,12/09/1991,35
1.5,05/12/1994,31
1.69,07/08/1993,33
1.69,07/09/1990,36
1.72,12/08/1968,58
1.5,15/08/1999,27
1.68,27/03/2002,24
1.75,05/12/1961,64
1.65,23/12/1988,37
1.62,02/11/1983,42
1.62,05/11/2001,24
1.65,17/04/1986,40
1.75,27/03/2002,24
1.76,28/11/1994,31
1.6,27/05/1998,28
1.78,31/10/2000,25
1.6,27/03/1989,37
1.65,31/05/1996,30
1.7,15/08/2007,19
1.52,12/03/1993,33
1.65,13/08/2002,24
1.55,18/09/2003,23
1.65,02/10/1987,39
1.7,13/10/1979,46
1.65,08/11/1994,31
1.58,26/09/2001,25
1.75,10/10/1999,26
1.7,16/03/2001,25
1.7,11/09/1978,48
1.74,01/03/2001,25
1.65,28/12/1993,32
1.7,26/06/1996,30
1.7,23/04/1980,46
1.85,03/09/1998,28
1.72,17/09/2003,23
1.74,26/10/1999,26
1.69,28/06/2000,26
1.7,11/05/2003,23
1.68,21/01/1998,28
1.73,13/09/1979,47
1.7,31/07/1987,39
1.65,15/12/1990,35
1.62,03/03/1992,34
1.62,03/03/1992,34
1.7,08/08/1975,51
1.74,14/11/1998,27
1.68,01/04/1980,46
1.73,18/03/1993,33
1.61,01/12/1994,31
1.7,01/10/1990,36
1.76,30/05/1984,42
1.58,05/10/1979,47
1.78,07/09/2000,26
1.49,13/11/1998,27
1.72,25/11/1966,59
1.64,10/02/1990,36
1.57,06/05/1996,30
1.65,15/04/1984,42
1.72,16/02/1989,37
1.75,11/11/1993,32
1.55,09/12/1987,38
1.7,05/10/1980,46
1.58,28/01/2001,25
1.7,15/06/1994,32
1.66,05/01/1991,35
1.69,25/11/1971,54
1.75,03/07/1981,45
1.48,05/07/1998,28
1.59,27/10/1987,38
1.84,13/07/1984,42
1.62,19/07/1984,42
1.65,04/12/1995,30
1.8,13/11/1971,54
1.78,13/12/1977,48
1.7,05/05/1986,40
1.78,12/07/1987,39
1.68,20/05/1992,34
1.83,08/09/1978,48
1.59,07/12/1979,46
1.62,07/04/1966,60
1.57,24/11/1985,40
1.6,10/10/1996,29
1.62,09/09/1991,35
1.79,21/06/1994,32
1.83,17/10/1989,36
1.8,11/01/1990,36
1.7,03/12/1968,57
1.7,28/07/1981,45
1.69,14/01/1994,32
1.63,19/07/2001,25
1.54,18/03/1999,27
1.58,14/11/1997,28
1.8,31/10/1992,33
1.65,01/11/1979,46
1.55,02/01/1983,43
1.63,26/12/1984,41
1.75,27/01/1976,50
1.7,13/09/1969,57
1.8,05/04/1988,38
1.61,03/01/2003,23
1.68,26/04/2000,26
1.7,02/01/1997,29
1.76,29/11/2006,19
1.8,16/11/1984,41
1.55,04/08/1987,39
1.69,14/05/1976,50
1.56,24/08/2002,24
1.68,17/06/1999,27
1.68,03/02/1957,69
1.7,14/09/1996,30
1.64,06/10/1998,27
1.64,29/10/1983,42
1.6,12/09/1997,29
1.6,23/03/1988,38
1.71,31/07/1981,45
1.8,08/03/1990,36
1.68,19/03/1991,35
1.72,03/01/1995,31
1.55,28/03/1994,32
1.8,17/03/1972,54
1.84,12/05/1981,45
1.54,18/08/1979,47
1.72,24/04/1993,33
1.6,17/02/1985,41
1.67,15/08/1982,44
1.62,24/12/1985,40
1.7,11/06/1991,35
1.55,25/02/1974,52
1.7,25/10/1994,31
1.72,12/12/1982,43
1.71,26/05/1997,29
1.8,20/10/2000,25
1.75,08/10/1993,32
1.5,12/09/2001,25
1.75,28/12/1993,32
1.72,19/04/1986,40
1.72,12/04/1993,33
1.9,09/11/1999,26
1.78,28/06/1996,30
1.8,29/10/1986,39
1.53,11/10/2002,23
1.72,23/05/1997,29
1.7,22/07/1993,33
1.68,29/11/1992,33
1.6,16/04/1989,37
1.79,28/08/1996,30
1.75,22/05/1992,34
