matricula,prim_intento,edad
1,0,26
2,0,18
3,0,28
4,1,17
5,1,29
6,,22
7,0,20
8,0,25
9,,26
10,1,17
11,,22
12,0,30
13,1,20
14,,18
15,,28
16,0,21
17,0,17
18,,19
19,1,20
20,0,18
21,,23
22,1,28
23,0,20
24,0,29
25,1,21
26,0,27
27,0,18
28,1,19
29,,19
30,0,19
31,0,28
32,1,27
33,0,19
34,,29
35,1,21
36,1,21
37,0,26
38,,25
39,0,30
40,0,27
41,0,17
42,,30
43,,21
44,0,21
45,1,21
46,,18
47,1,28
48,0,24
49,0,17
50,,22
51,0,26
52,,23
53,,17
54,,20
55,,25
56,,23
57,,29
58,1,17
59,1,24
60,0,18
61,,26
62,1,19
63,1,17
64,,18
65,,24
66,1,18
67,,30
68,,28
69,,26
70,0,26
71,,21
72,0,29
73,,17
74,1,19
75,,23
76,0,25
77,0,27
78,0,25
79,0,18
80,0,30
81,,30
82,1,26
83,0,30
84,1,21
85,,23
86,1,23
87,0,22
88,1,30
89,0,22
90,1,22
91,1,29
92,1,20
93,0,20
94,,29
95,,24
96,,19
97,0,29
98,1,25
99,,24
100,0,27
101,1,21
102,1,25
103,,17
104,1,28
105,,21
106,,27
107,1,24
108,0,19
109,1,22
110,0,29
111,0,26
112,,18
113,0,27
114,1,22
115,0,22
116,1,24
117,0,21
118,1,23
119,0,23
120,0,22
121,1,19
122,1,30
123,0,21
124,1,27
125,,26
126,,17
127,0,21
128,0,26
129,,29
130,1,27
131,0,30
132,,23
133,0,21
134,1,25
135,,26
136,0,26
137,1,19
138,,26
139,1,30
140,,22
141,0,26
142,,17
143,1,26
144,0,30
145,0,29
146,,17
147,,23
148,1,24
149,1,20
150,1,30
151,1,20
152,1,26
153,,29
154,,26
155,0,28
156,0,26
157,,27
158,0,23
159,,19
160,1,24
161,0,24
162,,22
163,,26
164,1,17
165,1,26
166,,29
167,0,30
168,,24
169,1,29
170,1,23
171,0,26
172,,27
173,1,29
174,0,27
175,0,24
176,,25
177,1,29
178,,20
179,0,19
180,1,23
181,0,23
182,,25
183,0,29
184,1,20
185,1,20
186,,22
187,0,17
188,1,25
189,1,17
190,,19
191,0,24
192,1,20
193,,23
194,,24
195,0,25
196,0,28
197,1,27
198,1,17
199,0,25
200,0,18
201,1,21
202,,23
203,0,17
204,0,25
205,,24
206,,26
207,,28
208,0,21
209,0,23
210,1,22
211,,19
212,0,19
213,,25
214,0,23
215,0,17
216,,17
217,,26
218,0,25
219,1,22
220,0,27
221,,19
222,1,17
223,0,27
224,,27
225,1,23
226,1,30
227,0,19
228,1,29
229,,20
230,1,19
231,0,21
232,,30
233,,22
234,1,26
235,0,28
236,1,22
237,0,22
238,1,30
239,0,19
240,0,30
241,0,18
242,0,18
243,1,25
244,1,18
245,0,17
246,,24
247,1,23
248,1,29
249,,28
250,0,30
251,0,29
252,1,17
253,0,21
254,,28
255,,29
256,,21
257,,23
258,1,22
259,1,23
260,1,20
261,,25
262,,20
263,0,29
264,1,20
265,,23
266,,29
267,1,17
268,0,25
269,1,17
270,1,20
271,,29
272,,19
273,0,21
274,0,28
275,,24
276,0,28
277,,28
278,,23
279,0,30
280,0,24
281,,28
282,,29
283,,20
284,0,23
285,0,21
286,0,26
287,,30
288,1,20
289,,25
290,0,25
291,1,27
292,1,22
293,0,29
294,,25
295,0,24
296,0,27
297,0,19
298,1,19
299,1,17
300,,28
301,1,28
302,1,17
303,,27
304,1,18
305,,17
306,0,23
307,,29
308,0,20
309,,17
310,1,20
311,,20
312,1,18
313,,29
314,,22
315,1,18
316,,19
317,,21
318,0,17
319,,28
320,0,26
321,,23
322,0,19
323,1,22
324,0,27
325,1,24
326,0,17
327,,30
328,0,24
329,,24
330,1,26
331,0,29
332,0,22
333,0,19
334,1,26
335,0,23
336,,21
337,0,18
338,1,22
339,1,21
340,1,18
341,0,29
342,,23
343,1,26
344,,19
345,0,20
346,0,18
347,,19
348,,28
349,,29
350,0,30
351,0,19
352,,25
353,,21
354,1,19
355,0,25
356,1,26
357,1,30
358,0,22
359,1,26
360,1,29
361,,28
362,0,23
363,0,24
364,,28
365,,22
366,1,18
367,,20
368,0,19
369,,22
370,0,24
371,,23
372,0,21
373,1,23
374,0,29
375,1,29
376,0,23
377,0,17
378,1,25
379,1,24
380,0,29
381,,28
382,1,20
383,,22
384,1,19
385,1,27
386,,21
387,0,23
388,0,28
389,0,27
390,0,30
391,1,23
392,0,24
393,0,28
394,1,26
395,1,22
396,0,21
397,1,29
398,0,25
399,0,25
400,0,19
401,,21
402,1,21
403,1,17
404,,25
405,1,22
406,,24
407,,17
408,0,19
409,,28
410,0,25
411,1,19
412,,17
413,1,23
414,,17
415,1,27
416,0,24
417,0,27
418,1,23
419,,18
420,1,24
421,,21
422,,27
423,0,18
424,,27
425,1,22
426,,20
427,0,27
428,1,27
429,,30
430,,20
431,,19
432,1,27
433,1,22
434,1,25
435,1,27
436,1,29
437,,29
438,,24
439,0,24
440,1,26
441,0,25
442,0,30
443,1,23
444,1,29
445,0,27
446,1,17
447,,26
448,0,25
449,,23
450,0,24
451,,24
452,1,26
453,1,20
454,0,21
455,,18
456,1,30
457,,27
458,,17
459,1,17
460,1,18
461,0,29
462,0,23
463,1,19
464,0,24
465,0,19
466,0,21
467,,26
468,1,17
469,,26
470,0,17
471,1,21
472,,17
473,1,30
474,1,20
475,0,25
476,,27
477,,23
478,0,26
479,,22
480,,25
481,0,24
482,0,20
483,1,23
484,,24
485,0,18
486,1,30
487,0,28
488,,17
489,,20
490,,19
491,0,30
492,1,18
493,1,26
494,1,26
495,1,20
496,,26
497,1,24
498,1,26
499,,17
500,1,22
